Fasta_sequence,RSA_predicted,Disorder_predicted,LHP_predicted
R,0.6427474,0.22818886,0.07886616
T,0.62524295,0.13645628,0.024509175
D,0.618018,0.06492678,0.027762918
C,0.23601905,0.028517721,0.6789784
Y,0.11963894,0.016963875,0.60492384
G,0.24072948,0.018507086,0.026043076
N,0.365406,0.020315172,0.023979248
V,0.12298624,0.019103073,0.6347766
N,0.5643671,0.028872646,0.029167939
R,0.4581367,0.03152192,0.03639563
I,0.16979751,0.032567475,0.66959006
D,0.45719618,0.043994177,0.027554842
T,0.3547318,0.05081103,0.03097017
T,0.55942464,0.06555985,0.014545794
G,0.4196927,0.08192393,0.027804548
A,0.36099815,0.09384623,0.82580465
S,0.49947414,0.095707364,0.038991515
C,0.29665437,0.096081086,0.7730018
K,0.61828136,0.116562545,0.032903183
T,0.57739705,0.12611052,0.024862885
A,0.40045378,0.13102554,0.83330137
K,0.53441525,0.114343904,0.026720913
P,0.46901694,0.09835591,0.025491996
E,0.76993924,0.10232579,0.018389145
G,0.6075006,0.06724195,0.023653533
L,0.2214153,0.03697314,0.79470676
S,0.56122667,0.02738423,0.035211697
Y,0.24495293,0.018947463,0.80409133
C,0.24822418,0.014493483,0.7674513
G,0.25883862,0.012560714,0.032543678
V,0.147135,0.011361982,0.76163304
S,0.53296334,0.012427403,0.030587055
A,0.16034456,0.009972566,0.7103713
S,0.19682734,0.0075679417,0.022500131
K,0.5231916,0.008826652,0.018144347
K,0.5716003,0.008511464,0.022475543
I,0.13623795,0.006190202,0.70783216
A,0.06793856,0.0045110257,0.5073198
E,0.53883743,0.0059480034,0.029966965
R,0.5136413,0.0058281105,0.025362145
D,0.093368255,0.0032762059,0.024187991
L,0.1511974,0.0037684666,0.79411596
Q,0.71482444,0.005137495,0.045925252
A,0.2172121,0.003976043,0.8863384
M,0.04820879,0.0028113963,0.5665718
D,0.6254743,0.0039330604,0.038658608
R,0.64772314,0.003736707,0.024113586
Y,0.11846105,0.0024407487,0.8108497
K,0.4058457,0.0030068522,0.023171514
T,0.6855524,0.0036140673,0.04053688
I,0.15719531,0.0027090015,0.8962454
I,0.035849534,0.0017288208,0.2742138
K,0.43816996,0.0025052214,0.026593989
K,0.62065494,0.0032178957,0.024229556
V,0.08670431,0.0022573567,0.8205745
G,0.08641557,0.002125499,0.047145635
E,0.7634802,0.003821222,0.025897006
K,0.74291295,0.0042344294,0.03747675
L,0.2813061,0.0029367663,0.9300547
C,0.5510429,0.0036988123,0.83131576
V,0.06950548,0.0024720975,0.8148088
E,0.2094762,0.0030493378,0.023726298
P,0.095042944,0.00232166,0.027701283
A,0.038121205,0.0020291738,0.4594687
V,0.03149752,0.0016821472,0.3209368
I,0.020682296,0.0014477982,0.2172177
A,0.025899604,0.0014574109,0.22932601
G,0.038156297,0.0015081479,0.035423893
I,0.027878469,0.0016206276,0.25716132
I,0.015160944,0.0015917092,0.14261849
S,0.030581571,0.0017519572,0.017383628
R,0.08890517,0.0025747644,0.014676916
E,0.14031214,0.0035008972,0.019612454
S,0.06331783,0.003621114,0.026376242
H,0.24641363,0.0050247125,0.027664986
A,0.050410703,0.005092024,0.5432472
G,0.14763065,0.007108439,0.027284501
K,0.5577148,0.011240861,0.040923107
V,0.22760423,0.010489269,0.87544423
L,0.08535306,0.008814382,0.681848
K,0.61888415,0.016726978,0.027818102
N,0.6890237,0.021861846,0.018292649
G,0.21018597,0.019497637,0.027310206
W,0.29501587,0.022947436,0.8271539
G,0.1666707,0.025438573,0.045331515
D,0.24745551,0.029010706,0.026964488
R,0.69451684,0.046102803,0.01949198
G,0.40164384,0.03640956,0.022073269
N,0.419171,0.027554678,0.022355739
G,0.095460616,0.01756526,0.051643845
F,0.105385415,0.011874625,0.7112637
G,0.07310256,0.008137708,0.036160655
L,0.043330096,0.005659608,0.4310429
M,0.02926443,0.0059836586,0.32619447
Q,0.094869725,0.009725923,0.03615857
V,0.065950334,0.012265578,0.58094674
D,0.20597124,0.01939504,0.029508283
K,0.5299971,0.024271615,0.021535806
R,0.7537051,0.027205957,0.020348463
S,0.47404835,0.024525363,0.018329335
H,0.25957328,0.02256846,0.036255702
K,0.669406,0.026800204,0.015234351
P,0.24982822,0.018774193,0.03601768
Q,0.64891165,0.021071805,0.02472069
G,0.49186593,0.018070254,0.015590268
T,0.5688987,0.014759938,0.015819564
W,0.18660893,0.009287872,0.8139563
N,0.52320504,0.007760173,0.020206602
G,0.18534894,0.005937196,0.018309858
E,0.51738477,0.005359141,0.047371194
V,0.43624738,0.0052798837,0.918041
H,0.073971145,0.0025190269,0.033955164
I,0.02699718,0.0019066717,0.26224187
T,0.35996345,0.0026355793,0.030623533
Q,0.24984989,0.0022225734,0.01835795
G,0.039091945,0.0014028398,0.024823166
T,0.029688966,0.0015128952,0.039270263
T,0.4821396,0.0023003335,0.02719486
I,0.09630744,0.0017749226,0.8246364
L,0.024634654,0.0013470049,0.32798064
I,0.15456054,0.0020448638,0.8927132
N,0.63233453,0.0026465093,0.040185444
F,0.13397767,0.0021495954,0.8527816
I,0.043413654,0.0017172471,0.617563
K,0.53813905,0.0025506152,0.021051306
T,0.49134204,0.0030521324,0.022255944
I,0.039708454,0.002449566,0.55611426
Q,0.33122325,0.0035283521,0.025606422
K,0.7967149,0.005415312,0.015422995
K,0.564188,0.004879894,0.01581888
F,0.16351022,0.0059112315,0.8227359
P,0.7292608,0.007535988,0.014490977
S,0.8550117,0.008525866,0.014156226
W,0.10822877,0.0052032336,0.86827314
T,0.50558287,0.0071246657,0.017456563
K,0.50056654,0.0048512626,0.0142068975
D,0.53360575,0.0042009572,0.01536622
Q,0.23131712,0.00278683,0.012806859
Q,0.053798575,0.0017328317,0.03441663
L,0.04945659,0.0015983538,0.51500463
K,0.14556164,0.0018819997,0.021825604
G,0.029986814,0.001612642,0.027934568
G,0.0344368,0.0017024283,0.019526796
I,0.029080741,0.0020643068,0.24384184
S,0.037148602,0.0024009738,0.059210256
A,0.038106024,0.0037762958,0.3702723
Y,0.066617765,0.005424679,0.5674734
N,0.17670602,0.008079663,0.07512743
A,0.16871573,0.0115723,0.7915089
G,0.3004615,0.014310533,0.050245743
A,0.28666487,0.017760139,0.90985733
G,0.583559,0.01940764,0.033253532
N,0.37769693,0.016975092,0.02118093
V,0.06538936,0.011497171,0.60553306
R,0.61434615,0.013692581,0.01564995
S,0.38078138,0.01333758,0.017876854
Y,0.2900768,0.012198879,0.8965025
A,0.65542215,0.014314025,0.9303982
R,0.5369337,0.013451851,0.05174323
M,0.061723378,0.010140645,0.52924585
D,0.21997796,0.009935682,0.026670454
I,0.4957151,0.015088452,0.9084874
G,0.4534981,0.014172606,0.03701159
T,0.14285433,0.012630467,0.02059358
T,0.40080926,0.015293927,0.0146334255
H,0.55354077,0.01627463,0.016732844
D,0.36357924,0.013229301,0.036797266
D,0.33439627,0.00924889,0.018257778
Y,0.072770245,0.005359271,0.5902219
A,0.037402783,0.0028461977,0.36290514
N,0.2391648,0.0026756194,0.015109137
D,0.16699408,0.0018370253,0.015356455
V,0.020495828,0.0010950749,0.24120882
V,0.1375294,0.0013722477,0.8125512
A,0.20385712,0.0016899833,0.7706709
R,0.05469647,0.0012727773,0.035284154
A,0.031086404,0.0014004598,0.53920263
Q,0.4394534,0.0023634431,0.033413563
Y,0.18921994,0.0034247052,0.83095133
Y,0.053768266,0.004014497,0.44914186
K,0.43787694,0.010704094,0.026233839
Q,0.7082375,0.031133242,0.023826249
H,0.4326149,0.070280336,0.052626025
G,0.52303976,0.17100646,0.43847013
Y,0.6925203,0.29710457,0.3874464
