,id,RHSA_predicted,prediction
0,3G0MA,0.2639871,0.2639871
1,1K6KA,0.24561791,0.24561791
2,3NFTA,0.21618512,0.21618512
3,6QU7A,0.22982566,0.22982566
4,1A5TA,0.27932125,0.27932125
5,5FAFA,0.20527266,0.20527266
6,2PBEA,0.29791954,0.29791954
7,1JM1A,0.2965459,0.2965459
8,5D18A,0.2637213,0.2637213
9,2P4OA,0.25717255,0.25717255
10,6AOKA,0.18731846,0.18731846
11,2BJQA,0.22872695,0.22872695
12,4Q2LA,0.25364426,0.25364426
13,4W79A,0.22003654,0.22003654
14,2IXAA,0.20297186,0.20297186
15,1J0PA,0.25136015,0.25136015
16,6P3PA,0.19127716,0.19127716
17,5A6MA,0.1835493,0.1835493
18,2AZWA,0.2895926,0.2895926
19,5XEVA,0.255286,0.255286
20,3CE8A,0.3418498,0.3418498
21,1K4NA,0.23190184,0.23190184
22,2Z84A,0.2545995,0.2545995
23,1EJ8A,0.21331629,0.21331629
24,1Z9LA,0.20420164,0.20420164
25,1ESCA,0.20267065,0.20267065
26,5T76A,0.20991233,0.20991233
27,4BB9A,0.25245273,0.25245273
28,3HFIA,0.23601995,0.23601995
29,6CGKA,0.21330574,0.21330574
30,5ULBA,0.2165439,0.2165439
31,2PY6A,0.26143545,0.26143545
32,3RPZA,0.22360383,0.22360383
33,1XD7A,0.2731311,0.2731311
34,6ECTA,0.23028487,0.23028487
35,4C1OA,0.23719184,0.23719184
36,2W2RA,0.2575438,0.2575438
37,5WXXA,0.22921824,0.22921824
38,6DLGA,0.21418028,0.21418028
39,6HFOA,0.29351425,0.29351425
40,3U66A,0.2486619,0.2486619
41,4NTDA,0.26323014,0.26323014
42,1I2TA,0.365714,0.365714
43,6ER1A,0.34049705,0.34049705
44,2FKKA,0.3902939,0.3902939
45,4TMDA,0.20473966,0.20473966
46,4LXHA,0.2711307,0.2711307
47,4LB8A,0.27339107,0.27339107
48,5TF3A,0.2712888,0.2712888
49,2YKFA,0.27271393,0.27271393
50,4OUNA,0.29809907,0.29809907
51,4YBGA,0.26808476,0.26808476
52,3E21A,0.37076724,0.37076724
53,5TK8A,0.29372337,0.29372337
54,4KBXA,0.26547065,0.26547065
55,1R5MA,0.27187222,0.27187222
56,5YGBA,0.33190224,0.33190224
57,3GIWA,0.22977665,0.22977665
58,5SV6A,0.19481406,0.19481406
59,1LO7A,0.30087885,0.30087885
60,6NBOA,0.26890913,0.26890913
61,4TXWA,0.25351152,0.25351152
62,3GA3A,0.2528502,0.2528502
63,4ZKQA,0.24117419,0.24117419
64,6FHOA,0.23807128,0.23807128
65,2P09A,0.3292332,0.3292332
66,4C4AA,0.22993085,0.22993085
67,5K2LA,0.2466687,0.2466687
68,1I8AA,0.2174286,0.2174286
69,3ZUCA,0.24174093,0.24174093
70,3CNIA,0.28055257,0.28055257
71,2FX5A,0.24533404,0.24533404
72,4RELA,0.24166505,0.24166505
73,4WFWA,0.24704058,0.24704058
74,4ZJ9A,0.22409551,0.22409551
75,6R8RA,0.21172225,0.21172225
76,3RQTA,0.15595798,0.15595798
77,1Z0WA,0.28885415,0.28885415
78,1J3AA,0.22154935,0.22154935
79,2J6BA,0.2374125,0.2374125
80,4NWBA,0.19534793,0.19534793
81,4EUOA,0.22572656,0.22572656
82,2HDZA,0.23695603,0.23695603
83,3O3YA,0.50429463,0.50429463
84,1U14A,0.27268377,0.27268377
85,2BOUA,0.23018326,0.23018326
86,1N4KA,0.23546574,0.23546574
87,6DJTA,0.24018174,0.24018174
88,3VPZA,0.30120993,0.30120993
89,1X8QA,0.22938289,0.22938289
90,2QYBA,0.27786586,0.27786586
91,4OD6A,0.22259922,0.22259922
92,5UUJA,0.21097209,0.21097209
93,5ZW7A,0.30436546,0.30436546
94,3DEEA,0.27565905,0.27565905
95,6R3UA,0.22349328,0.22349328
96,6CH1A,0.23095712,0.23095712
97,1D4OA,0.24678151,0.24678151
98,2YK4A,0.33966482,0.33966482
99,4P5XA,0.30667084,0.30667084
100,4KM6A,0.2425936,0.2425936
101,3LM3A,0.1963988,0.1963988
102,1F32A,0.25482288,0.25482288
103,2PORA,0.47372702,0.47372702
104,3P0KA,0.34181988,0.34181988
105,3FAJA,0.26264754,0.26264754
106,6FNUA,0.23967302,0.23967302
107,3OH8A,0.24757873,0.24757873
108,6NTWA,0.232982,0.232982
109,1R7JA,0.28807858,0.28807858
110,4GWBA,0.21679887,0.21679887
111,2HBOA,0.28461468,0.28461468
112,6HFCA,0.22898921,0.22898921
113,6HURA,0.18054952,0.18054952
114,4C6AA,0.2697559,0.2697559
115,1F9VA,0.20282951,0.20282951
116,4XT6A,0.30310047,0.30310047
117,1YU0A,0.32041025,0.32041025
118,6GN5A,0.2739923,0.2739923
119,2A90A,0.22513987,0.22513987
120,4ZBHA,0.3158711,0.3158711
121,6CPUA,0.2910205,0.2910205
122,2HPSA,0.27592593,0.27592593
123,1L3PA,0.32281986,0.32281986
124,5OPBA,0.23685236,0.23685236
125,2RDQA,0.22603181,0.22603181
126,2WFPA,0.24844517,0.24844517
127,4PY9A,0.25650498,0.25650498
128,2GKGA,0.20153122,0.20153122
129,3KYZA,0.26064515,0.26064515
130,1QHXA,0.3096768,0.3096768
131,2WLRA,0.19284903,0.19284903
132,3EWYA,0.25695854,0.25695854
133,4V12A,0.26243934,0.26243934
134,4CHEA,0.2155597,0.2155597
135,3U5SA,0.22706835,0.22706835
136,4IC9A,0.35261223,0.35261223
137,3PIDA,0.25023156,0.25023156
138,6E08L,0.22100772,0.22100772
139,1ODMA,0.22282629,0.22282629
140,2X46A,0.16917235,0.16917235
141,3DNPA,0.21657465,0.21657465
142,2R0XA,0.2832146,0.2832146
143,5YDEA,0.26185924,0.26185924
144,6IYRA,0.2479832,0.2479832
145,1ROCA,0.29508826,0.29508826
146,3PYWA,0.18170841,0.18170841
147,3DXLA,0.19585913,0.19585913
148,5E4GA,0.34443894,0.34443894
149,2FU2A,0.29558265,0.29558265
150,2FW5A,0.27477267,0.27477267
151,3WH2A,0.28948474,0.28948474
152,5GZSA,0.24769968,0.24769968
153,2X8XX,0.24942549,0.24942549
154,1KU3A,0.26682207,0.26682207
155,3G9HA,0.22867517,0.22867517
156,4FNVA,0.21347433,0.21347433
157,5EC0A,0.21043426,0.21043426
158,3PM2A,0.2897327,0.2897327
159,3MU7A,0.20108366,0.20108366
160,4H79A,0.23702374,0.23702374
161,2Q8PA,0.17626809,0.17626809
162,2YFUA,0.24260889,0.24260889
163,4TKOB,0.2571701,0.2571701
164,5WF2A,0.25170437,0.25170437
165,3VENA,0.23868456,0.23868456
166,4B2FA,0.1943744,0.1943744
167,2WAWA,0.2698351,0.2698351
168,1HW7A,0.2428241,0.2428241
169,4K7CA,0.21460645,0.21460645
170,3BWXA,0.23441961,0.23441961
171,3FIAA,0.2698709,0.2698709
172,2VK2A,0.17859165,0.17859165
173,3AG7A,0.21935263,0.21935263
174,1G8PA,0.2518855,0.2518855
175,6GKEA,0.2464099,0.2464099
176,5TWBA,0.24742964,0.24742964
177,2A9IA,0.29645494,0.29645494
178,5LF9A,0.29643214,0.29643214
179,5I6RA,0.31733003,0.31733003
180,3BQWA,0.29267308,0.29267308
181,6JPTA,0.31060636,0.31060636
182,3LYEA,0.29780978,0.29780978
183,1USMA,0.25229588,0.25229588
184,4FVGA,0.20927265,0.20927265
185,4HBDA,0.26039368,0.26039368
186,2ETDA,0.3121148,0.3121148
187,4UJ7A,0.1873061,0.1873061
188,2JKUA,0.4034653,0.4034653
189,1G2RA,0.22482197,0.22482197
190,3SU6A,0.22389044,0.22389044
191,1UKUA,0.27617493,0.27617493
192,5H9NA,0.18790625,0.18790625
193,3CHMA,0.22496285,0.22496285
194,3DOUA,0.24421467,0.24421467
195,6BXDA,0.17384477,0.17384477
196,4G9QA,0.29115972,0.29115972
197,2O0QA,0.27748677,0.27748677
198,6FSFA,0.21573333,0.21573333
199,1CJWA,0.27602434,0.27602434
200,6EDVA,0.26992524,0.26992524
201,3T92A,0.30270022,0.30270022
202,2YKZA,0.33206806,0.33206806
203,3V7IA,0.25561923,0.25561923
204,3L60A,0.23944654,0.23944654
205,4GQ4A,0.27834094,0.27834094
206,1PZWA,0.36397758,0.36397758
207,5KC8A,0.21012592,0.21012592
208,1XIPA,0.19127351,0.19127351
209,4C2LA,0.16989839,0.16989839
210,4WHEA,0.3086316,0.3086316
211,2UYTA,0.24664044,0.24664044
212,3GY9A,0.22217584,0.22217584
213,2FUEA,0.19723904,0.19723904
214,4QA8A,0.20454167,0.20454167
215,4LZHA,0.2571039,0.2571039
216,2FPHX,0.27911565,0.27911565
217,4TTWA,0.26792595,0.26792595
218,5LG2A,0.2774241,0.2774241
219,1RCYA,0.23905073,0.23905073
220,1PEQA,0.2515102,0.2515102
221,3GNZP,0.2432396,0.2432396
222,1ES5A,0.23661824,0.23661824
223,5D7WA,0.26583838,0.26583838
224,4OO3A,0.22065018,0.22065018
225,1HYPA,0.3073137,0.3073137
226,5BUPA,0.2953111,0.2953111
227,2ILKA,0.22081858,0.22081858
228,5UNOA,0.20488773,0.20488773
229,1PBJA,0.27820572,0.27820572
230,5YF6A,0.18887259,0.18887259
231,5E7HA,0.26159436,0.26159436
232,1T9HA,0.21258481,0.21258481
233,5Y30A,0.20295627,0.20295627
234,6QM2A,0.23291677,0.23291677
235,3I8BA,0.24530181,0.24530181
236,2OU6A,0.32194152,0.32194152
237,6OLXA,0.26406264,0.26406264
238,3U24A,0.26383767,0.26383767
239,5NUVA,0.2615809,0.2615809
240,5CWGA,0.0897823,0.0897823
241,5OPFA,0.24223132,0.24223132
242,2CJJA,0.2860499,0.2860499
243,3HFTA,0.27915192,0.27915192
244,3O2TA,0.25826687,0.25826687
245,4CP6A,0.1764215,0.1764215
246,2FI0A,0.25002244,0.25002244
247,1UX5A,0.2688306,0.2688306
248,1LC0A,0.23519036,0.23519036
249,4RDRA,0.40204513,0.40204513
250,2WEFA,0.25209764,0.25209764
251,3VHJA,0.24294809,0.24294809
252,6CCAA,0.23384166,0.23384166
253,3JRTA,0.23970976,0.23970976
254,5W3RA,0.26109767,0.26109767
255,1QNRA,0.21669003,0.21669003
256,5CNWA,0.25706074,0.25706074
257,3NYTA,0.28010628,0.28010628
258,1WCWA,0.22705376,0.22705376
259,4EV8A,0.27133033,0.27133033
260,5HJ1A,0.22825609,0.22825609
261,3MJFA,0.24838537,0.24838537
262,4LDNA,0.29048038,0.29048038
263,3K9TA,0.2394545,0.2394545
264,4GOSA,0.2274083,0.2274083
265,4G26A,0.20502341,0.20502341
266,5M48A,0.23747258,0.23747258
267,5UFKA,0.2208135,0.2208135
268,4XE7A,0.2225821,0.2225821
269,2HUJA,0.2532593,0.2532593
270,3F14A,0.27810955,0.27810955
271,3GOEA,0.22500573,0.22500573
272,5I0FB,0.22410339,0.22410339
273,2CI1A,0.18792285,0.18792285
274,5X3DA,0.26117936,0.26117936
275,5JNMA,0.21777108,0.21777108
276,3MTWA,0.24866743,0.24866743
277,3GM5A,0.25240853,0.25240853
278,3E0KA,0.2536055,0.2536055
279,3BDIA,0.2145071,0.2145071
280,5FA8A,0.21588086,0.21588086
281,4H7WA,0.24004468,0.24004468
282,2XU0A,0.18050109,0.18050109
283,1W0NA,0.25029406,0.25029406
284,2QHPA,0.24990918,0.24990918
285,2ZXRA,0.26935524,0.26935524
286,4CITA,0.24770713,0.24770713
287,6FVIA,0.22608475,0.22608475
288,3K3VA,0.2917342,0.2917342
289,4OBMA,0.212047,0.212047
290,1EI9A,0.27898592,0.27898592
291,4HZ4A,0.30272397,0.30272397
292,6ITAA,0.21845476,0.21845476
293,1RA0A,0.2597168,0.2597168
294,3QAOA,0.3019605,0.3019605
295,4PP4A,0.23168734,0.23168734
296,4JG5A,0.24236508,0.24236508
297,3NRSA,0.25230384,0.25230384
298,2WXYC,0.24450143,0.24450143
299,4NXYA,0.2403924,0.2403924
300,3S64A,0.3462352,0.3462352
301,5NW3A,0.25368786,0.25368786
302,2D48A,0.20076576,0.20076576
303,2QGUA,0.21572366,0.21572366
304,5AH1A,0.2553037,0.2553037
305,2V7FA,0.2438525,0.2438525
306,4KEFA,0.20265801,0.20265801
307,2PETA,0.22859319,0.22859319
308,4YWFA,0.23600718,0.23600718
309,6FSNA,0.22788215,0.22788215
310,4A20A,0.22772446,0.22772446
311,3QC7A,0.36804113,0.36804113
312,6A58A,0.26952493,0.26952493
313,3TDGA,0.22340159,0.22340159
314,4H27A,0.25959495,0.25959495
315,4FDBA,0.32186228,0.32186228
316,2WW5A,0.24521665,0.24521665
317,2GKEA,0.24473299,0.24473299
318,5XMGA,0.19616015,0.19616015
319,2YXNA,0.2353106,0.2353106
320,2ASFA,0.28056636,0.28056636
321,2Q07A,0.21898346,0.21898346
322,5VQEA,0.22245611,0.22245611
323,4CO8A,0.32603344,0.32603344
324,4U12A,0.33180434,0.33180434
325,3VI6A,0.28791696,0.28791696
326,5H0JA,0.2574041,0.2574041
327,1TUVA,0.3059295,0.3059295
328,4ZOUA,0.3816888,0.3816888
329,3OOSA,0.21910223,0.21910223
330,5EE0A,0.22217901,0.22217901
331,3LQKA,0.2555014,0.2555014
332,1ZJCA,0.22804289,0.22804289
333,2GUIA,0.29890427,0.29890427
334,2HX5A,0.25753105,0.25753105
335,3VGPA,0.23286258,0.23286258
336,2CCVA,0.29949003,0.29949003
337,1ED1A,0.2304564,0.2304564
338,4KYQA,0.21282144,0.21282144
339,5X9LA,0.19705047,0.19705047
340,5M41A,0.1949092,0.1949092
341,2VYOA,0.1750918,0.1750918
342,6A68A,0.2878747,0.2878747
343,5UMRA,0.19527009,0.19527009
344,3TYTA,0.20310484,0.20310484
345,2Z2NA,0.2283319,0.2283319
346,3RL5A,0.22790293,0.22790293
347,3O7BA,0.20443289,0.20443289
348,2IAYA,0.2230493,0.2230493
349,6H57A,0.241055,0.241055
350,6FZZA,0.20903733,0.20903733
351,3PL8A,0.23121397,0.23121397
352,5YWJA,0.28288138,0.28288138
353,3QRAA,0.4594842,0.4594842
354,6R3RA,0.22140989,0.22140989
355,5C2MA,0.22547667,0.22547667
356,5Y7DA,0.23466831,0.23466831
357,3UH8A,0.29065403,0.29065403
358,3ONTA,0.33603236,0.33603236
359,5TCBA,0.21535401,0.21535401
360,3G91A,0.20150022,0.20150022
361,5TJZA,0.24467722,0.24467722
362,2V7KA,0.2831902,0.2831902
363,3U0RA,0.2033984,0.2033984
364,4HZOA,0.24238385,0.24238385
365,3Q4OA,0.20222247,0.20222247
366,4I1LA,0.34968513,0.34968513
367,4ES7A,0.2076259,0.2076259
368,2O8PA,0.24365701,0.24365701
369,5YCQA,0.33221856,0.33221856
370,3CA7A,0.4143601,0.4143601
371,2D3DA,0.25938457,0.25938457
372,4J5TA,0.2248354,0.2248354
373,3CCYA,0.30469123,0.30469123
374,3IMKA,0.23881087,0.23881087
375,1WWIA,0.28727338,0.28727338
376,1NZNA,0.23731264,0.23731264
377,4YDSA,0.26837763,0.26837763
378,5EP2A,0.24024461,0.24024461
379,6GKAA,0.30342376,0.30342376
380,3H6QA,0.27350798,0.27350798
381,1X6OA,0.25038737,0.25038737
382,4FR9A,0.30168167,0.30168167
383,4GXTA,0.18215539,0.18215539
384,3L8WA,0.23299626,0.23299626
385,2R39A,0.24800348,0.24800348
386,3I2VA,0.24751727,0.24751727
387,1XAKA,0.26424032,0.26424032
388,3V7NA,0.24703498,0.24703498
389,6NZTA,0.220843,0.220843
390,6ENOA,0.25764045,0.25764045
391,6N36A,0.25928017,0.25928017
392,3B0GA,0.21877052,0.21877052
393,6OGHA,0.20587842,0.20587842
394,4CCSA,0.29218146,0.29218146
395,3NPDA,0.19976906,0.19976906
396,2XIOA,0.20147598,0.20147598
397,2X9ZA,0.19135705,0.19135705
398,2VC8A,0.26569408,0.26569408
399,5ZQHA,0.2844162,0.2844162
400,3G85A,0.24417867,0.24417867
401,2XNQA,0.22078104,0.22078104
402,1S2OA,0.21197748,0.21197748
403,5A61A,0.24582726,0.24582726
404,1A1XA,0.2976975,0.2976975
405,3S9JA,0.2247913,0.2247913
406,5HLJA,0.21809573,0.21809573
407,3CLMA,0.2551093,0.2551093
408,5WGXA,0.2600669,0.2600669
409,1WLJA,0.2550366,0.2550366
410,5M5ZA,0.23307648,0.23307648
411,1XV5A,0.20771095,0.20771095
412,5A0NA,0.21722043,0.21722043
413,1MJ5A,0.25251973,0.25251973
414,6S2MA,0.2186699,0.2186699
415,2O9UX,0.28511837,0.28511837
416,4P53A,0.28224197,0.28224197
417,1N93X,0.25438747,0.25438747
418,3CRVA,0.22599067,0.22599067
419,3M4IA,0.25054562,0.25054562
420,5CZYA,0.24306408,0.24306408
421,4HHJA,0.1940862,0.1940862
422,1D2SA,0.23375437,0.23375437
423,2Q0YA,0.31398582,0.31398582
424,3SC7X,0.21192116,0.21192116
425,3EXNA,0.275595,0.275595
426,3L5IA,0.2554331,0.2554331
427,4PEDA,0.22067632,0.22067632
428,2Q4WA,0.24522279,0.24522279
429,3VC5A,0.27155942,0.27155942
430,2XVSA,0.2625372,0.2625372
431,6I8YA,0.31315067,0.31315067
432,1SAZA,0.22669818,0.22669818
433,4MKXA,0.2519357,0.2519357
434,3SX6A,0.2514029,0.2514029
435,2QGMA,0.19985245,0.19985245
436,2CG7A,0.26740855,0.26740855
437,2CXYA,0.22651683,0.22651683
438,4ZGFA,0.18702748,0.18702748
439,2EJXA,0.24204977,0.24204977
440,3W1EA,0.24127835,0.24127835
441,2WZOA,0.32481405,0.32481405
442,4ANOA,0.21916652,0.21916652
443,2OVJA,0.2646489,0.2646489
444,3PBTA,0.2646131,0.2646131
445,5FEBA,0.23848991,0.23848991
446,4HRSA,0.2282545,0.2282545
447,3HJHA,0.22505195,0.22505195
448,2G3AA,0.28922072,0.28922072
449,4MK6A,0.28928837,0.28928837
450,3Q98A,0.24481173,0.24481173
451,5JJOA,0.29637596,0.29637596
452,3R1KA,0.23298185,0.23298185
453,4DADA,0.2507379,0.2507379
454,2Q82A,0.32095677,0.32095677
455,4P40A,0.18664135,0.18664135
456,4MUQA,0.2632827,0.2632827
457,5BX1A,0.22912142,0.22912142
458,6MICA,0.22688317,0.22688317
459,6F0PA,0.2765154,0.2765154
460,6GIEA,0.5211719,0.5211719
461,2FBAA,0.20813896,0.20813896
462,4RXXA,0.249365,0.249365
463,3G3TA,0.20663573,0.20663573
464,4ZCRA,0.26289928,0.26289928
465,4ZAVA,0.2928275,0.2928275
466,5HAZA,0.25335023,0.25335023
467,6MW4A,0.28053853,0.28053853
468,5U02A,0.23802817,0.23802817
469,3U2GA,0.20262295,0.20262295
470,4E72A,0.25069073,0.25069073
471,1EDZA,0.259831,0.259831
472,3H6JA,0.31504518,0.31504518
473,1V2XA,0.26578155,0.26578155
474,5EX8A,0.23001428,0.23001428
475,1C7KA,0.19022414,0.19022414
476,1QHLA,0.25051156,0.25051156
477,5WA2A,0.1943438,0.1943438
478,5IMUA,0.29011172,0.29011172
479,1AX8A,0.2971491,0.2971491
480,4XEDA,0.26887935,0.26887935
481,2DDXA,0.23874721,0.23874721
482,3BQXA,0.35234675,0.35234675
483,3OOPA,0.28938818,0.28938818
484,5Y2SA,0.17225179,0.17225179
485,3HC7A,0.34681666,0.34681666
486,5M1MA,0.211487,0.211487
487,2W9YA,0.19849502,0.19849502
488,3IE7A,0.21340585,0.21340585
489,6IAHA,0.2192411,0.2192411
490,3VBCA,0.35784382,0.35784382
491,3PIWA,0.21350642,0.21350642
492,5GO5A,0.2280703,0.2280703
493,4IL7A,0.28270584,0.28270584
494,1JIXA,0.23874307,0.23874307
495,2HY7A,0.27708066,0.27708066
496,1ZMAA,0.19609855,0.19609855
497,2Q4MA,0.22951075,0.22951075
498,4O0AA,0.23604728,0.23604728
499,1UCSA,0.37166783,0.37166783
500,3I7AA,0.23484491,0.23484491
501,5ZZRA,0.30400646,0.30400646
502,6CTZA,0.25176144,0.25176144
503,3FOVA,0.25322083,0.25322083
504,3DMGA,0.24680507,0.24680507
505,6EVUA,0.18988797,0.18988797
506,3JQ0A,0.23334108,0.23334108
507,1SENA,0.19467077,0.19467077
508,4TS4A,0.20386037,0.20386037
509,5WCJA,0.28073746,0.28073746
510,6S2LA,0.25448367,0.25448367
511,2DULA,0.23333646,0.23333646
512,5MK9A,0.17607047,0.17607047
513,3ADYA,0.2540725,0.2540725
514,4OA3A,0.21138276,0.21138276
515,5ZODA,0.20274663,0.20274663
516,6HHMA,0.18695514,0.18695514
517,5NJIA,0.26403207,0.26403207
518,6GZ1A,0.24539578,0.24539578
519,5MQNA,0.21350114,0.21350114
520,1U2HA,0.22694898,0.22694898
521,3D79A,0.21431828,0.21431828
522,4E74A,0.2565857,0.2565857
523,4F54A,0.3541778,0.3541778
524,4AZSA,0.26332104,0.26332104
525,4M5RA,0.2294756,0.2294756
526,4HE6A,0.23240913,0.23240913
527,3FXHA,0.25974396,0.25974396
528,5T8VA,0.22810693,0.22810693
529,4HGUA,0.29818118,0.29818118
530,1JOSA,0.27836952,0.27836952
531,4ZH0A,0.18923007,0.18923007
532,4ME2A,0.27009,0.27009
533,4UY3A,0.2012167,0.2012167
534,5GHEA,0.18282832,0.18282832
535,1BKRA,0.24658051,0.24658051
536,2BDVA,0.26415735,0.26415735
537,5UQZA,0.18679374,0.18679374
538,3GD0A,0.18549912,0.18549912
539,3AJDA,0.2909594,0.2909594
540,3RVCA,0.31359884,0.31359884
541,2IUWA,0.21155755,0.21155755
542,2F6RA,0.24956429,0.24956429
543,1OD3A,0.25139248,0.25139248
544,4L6HA,0.22703968,0.22703968
545,5NJLA,0.17233986,0.17233986
546,1I60A,0.19684123,0.19684123
547,3ZJAA,0.19708481,0.19708481
548,3RJVA,0.24020897,0.24020897
549,3HPCX,0.22540964,0.22540964
550,2ETSA,0.22148749,0.22148749
551,3L4NA,0.22565007,0.22565007
552,4ZLFA,0.24217358,0.24217358
553,1ZS9A,0.20398031,0.20398031
554,5HALA,0.30242556,0.30242556
555,3MKOA,0.42828137,0.42828137
556,3WHJA,0.3313229,0.3313229
557,5KD5A,0.22053938,0.22053938
558,3B79A,0.24171907,0.24171907
559,6BIOA,0.27884552,0.27884552
560,1RWZA,0.2042974,0.2042974
561,4FTFA,0.23191828,0.23191828
562,1E58A,0.23035073,0.23035073
563,4L0JA,0.19645998,0.19645998
564,4G9YA,0.33726177,0.33726177
565,2FSXA,0.2518516,0.2518516
566,3NYCA,0.23717308,0.23717308
567,3IB7A,0.26288274,0.26288274
568,2C2JA,0.24548632,0.24548632
569,1XMTA,0.20651017,0.20651017
570,1QWGA,0.24830493,0.24830493
571,4R75A,0.17752473,0.17752473
572,5F18A,0.2690448,0.2690448
573,3NW4A,0.2815437,0.2815437
574,4P0DA,0.20603065,0.20603065
575,4RAJA,0.2608684,0.2608684
576,3RGOA,0.23023258,0.23023258
577,3JU3A,0.4127686,0.4127686
578,6F7DA,0.29478836,0.29478836
579,1VKKA,0.21189952,0.21189952
580,4Z9PA,0.2775504,0.2775504
581,1SFSA,0.27540484,0.27540484
582,2BHUA,0.21715888,0.21715888
583,3ELFA,0.27154642,0.27154642
584,4R6YA,0.19732071,0.19732071
585,3EH1A,0.24041283,0.24041283
586,3MBRX,0.21428086,0.21428086
587,1B63A,0.23471245,0.23471245
588,6FTFB,0.26962435,0.26962435
589,4RXTA,0.22461791,0.22461791
590,5H7EA,0.20836748,0.20836748
591,4AC1X,0.23446463,0.23446463
592,3CH4B,0.23924038,0.23924038
593,3KT7A,0.23334287,0.23334287
594,6EYGA,0.17210472,0.17210472
595,3BCYA,0.17475508,0.17475508
596,1RMGA,0.2637136,0.2637136
597,2XSKA,0.22461842,0.22461842
598,1ZYBA,0.2546081,0.2546081
599,2BZ1A,0.2852217,0.2852217
600,3IR4A,0.23166648,0.23166648
601,1VP8A,0.23120748,0.23120748
602,4DIMA,0.24451421,0.24451421
603,4KQPA,0.18149145,0.18149145
604,1PSWA,0.26540935,0.26540935
605,3NUQA,0.23273316,0.23273316
606,4N7CA,0.1941114,0.1941114
607,2GZQA,0.19655685,0.19655685
608,6GKXA,0.31579313,0.31579313
609,6FREA,0.23660758,0.23660758
610,1P4XA,0.21880604,0.21880604
611,3B0XA,0.20417345,0.20417345
612,1YUEA,0.30477566,0.30477566
613,2GNOA,0.21972127,0.21972127
614,1W99A,0.23712687,0.23712687
615,5YK6A,0.27447227,0.27447227
616,3QFTA,0.20790137,0.20790137
617,2HOEA,0.2431057,0.2431057
618,1AH7A,0.24356681,0.24356681
619,5YK1A,0.2316842,0.2316842
620,1RWHA,0.27330118,0.27330118
621,3LWTX,0.24757987,0.24757987
622,4AO6A,0.2398981,0.2398981
623,4XEAA,0.23946448,0.23946448
624,2WOZA,0.27428332,0.27428332
625,2PWWA,0.28155056,0.28155056
626,1JF3A,0.25457746,0.25457746
627,2ICSA,0.21819992,0.21819992
628,6E5FA,0.21674603,0.21674603
629,4N03A,0.20017685,0.20017685
630,6CWMA,0.19115038,0.19115038
631,1P90A,0.28780526,0.28780526
632,1XG8A,0.2911636,0.2911636
633,5YH4A,0.2019429,0.2019429
634,5T7ZA,0.21593513,0.21593513
635,6H5WA,0.20565937,0.20565937
636,6IQCA,0.290756,0.290756
637,2RJOA,0.25682297,0.25682297
638,3HZ6A,0.25331274,0.25331274
639,3EGAA,0.1866887,0.1866887
640,5NYPA,0.2501446,0.2501446
641,5MUJA,0.24929571,0.24929571
642,6BO0A,0.18396227,0.18396227
643,2A1XA,0.21934754,0.21934754
644,4USRA,0.23085235,0.23085235
645,2X3MA,0.27584103,0.27584103
646,4BJAA,0.20963103,0.20963103
647,6OAFA,0.23788719,0.23788719
648,3PB6X,0.24646983,0.24646983
649,5JJ2A,0.20369895,0.20369895
650,3NNFA,0.23952158,0.23952158
651,3KXRA,0.23522902,0.23522902
652,4UT1A,0.25980946,0.25980946
653,6FIHA,0.23100132,0.23100132
654,3T33A,0.21583703,0.21583703
655,5J1NA,0.27387995,0.27387995
656,5GYQA,0.36536485,0.36536485
657,3CM3A,0.27122074,0.27122074
658,2Z98A,0.33145687,0.33145687
659,1VMBA,0.23003218,0.23003218
660,3ZX7A,0.26259726,0.26259726
661,1PDOA,0.26688847,0.26688847
662,1H30A,0.27020615,0.27020615
663,1WKCA,0.24579886,0.24579886
664,3CINA,0.2677835,0.2677835
665,5CDKA,0.2469577,0.2469577
666,5CYWB,0.29224116,0.29224116
667,2HDOA,0.21517634,0.21517634
668,2HLJA,0.28187016,0.28187016
669,2IP6A,0.24316607,0.24316607
670,3E3XA,0.26754537,0.26754537
671,3CIHA,0.22073258,0.22073258
672,3MDPA,0.26688212,0.26688212
673,1I24A,0.2706786,0.2706786
674,1Z7BA,0.24107252,0.24107252
675,2PQ8A,0.24547012,0.24547012
676,1Q5ZA,0.2150594,0.2150594
677,3C0FB,0.3177113,0.3177113
678,1SQHA,0.22248264,0.22248264
679,3EJVA,0.33139548,0.33139548
680,4AFFA,0.32387492,0.32387492
681,3BM7A,0.32457477,0.32457477
682,1LS1A,0.2221749,0.2221749
683,3A72A,0.23092903,0.23092903
684,2V3AA,0.2739433,0.2739433
685,5C8HA,0.21721047,0.21721047
686,1SQWA,0.2434514,0.2434514
687,5O2XA,0.27963537,0.27963537
688,3H8ZA,0.2963721,0.2963721
689,1LXJA,0.27510005,0.27510005
690,4ATGA,0.23607351,0.23607351
691,3ELSA,0.26090464,0.26090464
692,3GRHA,0.23279944,0.23279944
693,3KB9A,0.25092587,0.25092587
694,5QS9A,0.23955983,0.23955983
695,3E9UA,0.24852458,0.24852458
696,5FAAA,0.20312503,0.20312503
697,3OM0A,0.23303282,0.23303282
698,3V46A,0.20014612,0.20014612
699,1UYNX,0.43080524,0.43080524
700,2IAFA,0.24348997,0.24348997
701,2NLRA,0.21486215,0.21486215
702,3L22A,0.24929942,0.24929942
703,1W53A,0.29992557,0.29992557
704,6I9QA,0.19659925,0.19659925
705,4UVQA,0.25115716,0.25115716
706,5OEMA,0.2511672,0.2511672
707,2QP2A,0.24211319,0.24211319
708,5UKHA,0.20058918,0.20058918
709,4YAPA,0.24749975,0.24749975
710,5WHGA,0.24797368,0.24797368
711,4AQOA,0.18422017,0.18422017
712,5G3YA,0.20054854,0.20054854
713,2I9WA,0.288996,0.288996
714,4NK6A,0.2765261,0.2765261
715,6C3MA,0.23332863,0.23332863
716,5AX6A,0.27740943,0.27740943
717,3CJJA,0.2143479,0.2143479
718,1R6DA,0.25883967,0.25883967
719,4REOA,0.19752696,0.19752696
720,6OU3A,0.2657632,0.2657632
721,5CWHA,0.17645274,0.17645274
722,6MD5A,0.2429361,0.2429361
723,3NO2A,0.21438581,0.21438581
724,5N9BA,0.25244364,0.25244364
725,3U9WA,0.19817539,0.19817539
726,2CC6A,0.27271473,0.27271473
727,4KV7A,0.21455802,0.21455802
728,1XKIA,0.20119032,0.20119032
729,3IUZA,0.25605798,0.25605798
730,4CFIA,0.22877634,0.22877634
731,1VI4A,0.25544643,0.25544643
732,5J4UA,0.23631214,0.23631214
733,6I18A,0.2101321,0.2101321
734,4G79A,0.24261793,0.24261793
735,5LNNA,0.1887005,0.1887005
736,4D0EA,0.3049262,0.3049262
737,4JEJA,0.26829708,0.26829708
738,2I49A,0.21932207,0.21932207
739,4LITA,0.2445557,0.2445557
740,3FHDA,0.2837589,0.2837589
741,1T3YA,0.19996683,0.19996683
742,2OCGA,0.19602293,0.19602293
743,3E2QA,0.2758584,0.2758584
744,1JI0A,0.25079018,0.25079018
745,3H2YA,0.20926824,0.20926824
746,2FCLA,0.322191,0.322191
747,1YU5X,0.23704755,0.23704755
748,4GS5A,0.25473198,0.25473198
749,3LAXA,0.2554763,0.2554763
750,2NRQA,0.23590526,0.23590526
751,2ATZA,0.20920815,0.20920815
752,2O2GA,0.2435944,0.2435944
753,6GMCA,0.241886,0.241886
754,3GOHA,0.25980407,0.25980407
755,1JNIA,0.30710104,0.30710104
756,2YVQA,0.21516684,0.21516684
757,4QPNA,0.25601843,0.25601843
758,3MDUA,0.26707438,0.26707438
759,4HCJA,0.259776,0.259776
760,6M8NA,0.25468165,0.25468165
761,5EVFA,0.21429266,0.21429266
762,2PMLX,0.26844117,0.26844117
763,4L2HA,0.2030395,0.2030395
764,4BKWA,0.26957783,0.26957783
765,2OA2A,0.24671865,0.24671865
766,1P4TA,0.4706218,0.4706218
767,7ODCA,0.25832677,0.25832677
768,3ISYA,0.19991137,0.19991137
769,5TTYA,0.24013081,0.24013081
770,4K6NA,0.251451,0.251451
771,4U7AA,0.24099992,0.24099992
772,2HMAA,0.23583245,0.23583245
773,1JL1A,0.2186914,0.2186914
774,6IYSO,0.20072784,0.20072784
775,2I0ZA,0.18404765,0.18404765
776,4DT4A,0.23599233,0.23599233
777,4RD4A,0.23594622,0.23594622
778,5J4LA,0.23856209,0.23856209
779,3D4EA,0.19488984,0.19488984
780,2QX2A,0.1652452,0.1652452
781,6OSXA,0.28380126,0.28380126
782,3H20A,0.20655614,0.20655614
783,3RC1A,0.22235176,0.22235176
784,4X3XA,0.27130973,0.27130973
785,5GGBA,0.19192535,0.19192535
786,5I4CA,0.26427197,0.26427197
787,6A9TA,0.22574537,0.22574537
788,4FTDA,0.2059073,0.2059073
789,3GRLA,0.24166504,0.24166504
790,2PNEA,0.2968893,0.2968893
791,5JDKA,0.2599269,0.2599269
792,5XGAA,0.28970137,0.28970137
793,3QV0A,0.2550532,0.2550532
794,6E3FA,0.21645524,0.21645524
795,2ZCXA,0.291296,0.291296
796,4I0NA,0.19376409,0.19376409
797,4E4RA,0.20821679,0.20821679
798,3MVUA,0.28613925,0.28613925
799,3ORUA,0.2303884,0.2303884
800,1DCSA,0.24583735,0.24583735
801,4N5XA,0.24755867,0.24755867
802,4BPSA,0.22641967,0.22641967
803,4QHQA,0.18828483,0.18828483
804,2ZKMX,0.234113,0.234113
805,4E9LA,0.2012082,0.2012082
806,6R33A,0.23297974,0.23297974
807,4MNNA,0.25463277,0.25463277
808,4MFUA,0.20413268,0.20413268
809,5SUIA,0.23297992,0.23297992
810,5I2TA,0.24158792,0.24158792
811,4L9EA,0.255795,0.255795
812,4MC3A,0.2923029,0.2923029
813,5O0JA,0.19625004,0.19625004
814,3JYZA,0.2745698,0.2745698
815,6O43A,0.24678712,0.24678712
816,2QCPX,0.24164851,0.24164851
817,4M00A,0.18195397,0.18195397
818,6A5BA,0.2537075,0.2537075
819,4ERNA,0.2735406,0.2735406
820,3EAFA,0.2063152,0.2063152
821,4D8MA,0.1832042,0.1832042
822,2D4PA,0.27138707,0.27138707
823,6CNWA,0.21423718,0.21423718
824,2EW0A,0.23846476,0.23846476
825,1LV7A,0.2525811,0.2525811
826,3PR6A,0.31660426,0.31660426
827,2Z14A,0.27213618,0.27213618
828,3LEQA,0.29001707,0.29001707
829,3CT8A,0.23321794,0.23321794
830,3G5TA,0.19190094,0.19190094
831,2X4LA,0.19437845,0.19437845
832,6I5RA,0.1773938,0.1773938
833,3W07A,0.25427818,0.25427818
834,4EO0A,0.2349787,0.2349787
835,3CECA,0.29222092,0.29222092
836,1GWMA,0.24686427,0.24686427
837,3CU9A,0.26531926,0.26531926
838,6NZSA,0.19044194,0.19044194
839,3CS1A,0.22902241,0.22902241
840,4X9TA,0.24764274,0.24764274
841,2QDFA,0.23099923,0.23099923
842,3LEWA,0.24217713,0.24217713
843,2W8TA,0.27845746,0.27845746
844,4PFOA,0.21303487,0.21303487
845,3CKMA,0.2348158,0.2348158
846,3IM1A,0.23983906,0.23983906
847,3E8TA,0.22370644,0.22370644
848,3MX1A,0.24806613,0.24806613
849,3KWEA,0.2944543,0.2944543
850,3PUCA,0.1995326,0.1995326
851,6GS0A,0.23886368,0.23886368
852,3SD7A,0.2413955,0.2413955
853,4H59A,0.18048827,0.18048827
854,4IUJA,0.25202793,0.25202793
855,3ONPA,0.28440383,0.28440383
856,4NSXA,0.23063134,0.23063134
857,1A8LA,0.21541211,0.21541211
858,6P28A,0.19619517,0.19619517
859,4NN1A,0.3264707,0.3264707
860,6EXXA,0.25468218,0.25468218
861,6GS6A,0.19801621,0.19801621
862,6JK4A,0.2962514,0.2962514
863,1NZJA,0.2802846,0.2802846
864,4AQ4A,0.19609827,0.19609827
865,2FVYA,0.18833798,0.18833798
866,2XM5A,0.26960626,0.26960626
867,4I6XA,0.21572328,0.21572328
868,6NOUA,0.21861823,0.21861823
869,6MCWA,0.2593707,0.2593707
870,2NQ3A,0.20137385,0.20137385
871,3KLJA,0.22090238,0.22090238
872,2HJEA,0.28661662,0.28661662
873,5KLEA,0.23374376,0.23374376
874,4RGLA,0.22443944,0.22443944
875,3P6LA,0.18991247,0.18991247
876,3I7MA,0.23927954,0.23927954
877,3LTIA,0.28344813,0.28344813
878,1ZK5A,0.24300703,0.24300703
879,4N2KA,0.25642878,0.25642878
880,1S9UA,0.31445655,0.31445655
881,5UGRA,0.3038772,0.3038772
882,3SNOA,0.20669141,0.20669141
883,5XKXA,0.19506252,0.19506252
884,5TFQA,0.21417654,0.21417654
885,5FQLA,0.27420327,0.27420327
886,3FAYA,0.190539,0.190539
887,3AX1A,0.24896063,0.24896063
888,4ESMA,0.30189165,0.30189165
889,5YLBA,0.2589433,0.2589433
890,5U2PA,0.22748658,0.22748658
891,3WLIA,0.2529707,0.2529707
892,1JYKA,0.2726747,0.2726747
893,3TYSA,0.2933398,0.2933398
894,5K08A,0.23183806,0.23183806
895,3QWEA,0.31600583,0.31600583
896,6C1XA,0.2835466,0.2835466
897,6CC2A,0.25517184,0.25517184
898,1OH4A,0.20475374,0.20475374
899,4HNOA,0.18472557,0.18472557
900,2OZHA,0.30152416,0.30152416
901,5UFTA,0.27905974,0.27905974
902,3VQJA,0.2993123,0.2993123
903,3SIBA,0.367564,0.367564
904,5B82A,0.27406773,0.27406773
905,4QO5A,0.35195696,0.35195696
906,4E2UA,0.261162,0.261162
907,6HPOA,0.25191015,0.25191015
908,4WH9A,0.25769874,0.25769874
909,3FZXA,0.24961694,0.24961694
910,3ELIA,0.23084614,0.23084614
911,5DZTA,0.28037912,0.28037912
912,2WY4A,0.26097813,0.26097813
913,5HJ9A,0.24746749,0.24746749
914,2XSAA,0.270069,0.270069
915,3SBMA,0.24253497,0.24253497
916,4HB1A,0.30569082,0.30569082
917,5E9PA,0.28390342,0.28390342
918,1L2PA,0.2914182,0.2914182
919,6PNVA,0.23172718,0.23172718
920,2RILA,0.303962,0.303962
921,4P98A,0.22710676,0.22710676
922,2YZTA,0.29744768,0.29744768
923,5COTA,0.20125301,0.20125301
924,1BCOA,0.27774602,0.27774602
925,1C0PA,0.20089902,0.20089902
926,6AKQA,0.24041666,0.24041666
927,3LY7A,0.25101897,0.25101897
928,1GUIA,0.24897502,0.24897502
929,4N5HX,0.24711214,0.24711214
930,5NOAA,0.22817177,0.22817177
931,2E8BA,0.23009063,0.23009063
932,5K34A,0.21344557,0.21344557
933,2CASA,0.31334913,0.31334913
934,3GSEA,0.242266,0.242266
935,3GA7A,0.2480419,0.2480419
936,4JG2A,0.24837013,0.24837013
937,6EQMA,0.2654662,0.2654662
938,1UA7A,0.15955028,0.15955028
939,4MSXA,0.2574672,0.2574672
940,5BTYA,0.20205696,0.20205696
941,5W6SA,0.29444626,0.29444626
942,5U47A,0.20012525,0.20012525
943,1M4LA,0.26829228,0.26829228
944,4CVUA,0.22985889,0.22985889
945,4P7XA,0.25092328,0.25092328
946,2RIQA,0.27702835,0.27702835
947,6P2LA,0.2671983,0.2671983
948,6A7AA,0.20655341,0.20655341
949,2ISBA,0.22186817,0.22186817
950,1VD6A,0.23943856,0.23943856
951,3PT5A,0.24777356,0.24777356
952,3GNFB,0.28912282,0.28912282
953,4H4NA,0.27805477,0.27805477
954,3NKSA,0.25779003,0.25779003
955,2RA9A,0.28894866,0.28894866
956,4E1SA,0.46520323,0.46520323
957,3C5EA,0.22855008,0.22855008
958,4KDWA,0.22888976,0.22888976
959,5C5GA,0.18212564,0.18212564
960,1XQOA,0.21159194,0.21159194
961,2RAUA,0.2581562,0.2581562
962,4QDNA,0.33453012,0.33453012
963,3BT5A,0.23806746,0.23806746
964,3I0PA,0.2625713,0.2625713
965,4YYCA,0.27955192,0.27955192
966,2WBNA,0.19291814,0.19291814
967,1KQ3A,0.26838443,0.26838443
968,3BZ5A,0.16858746,0.16858746
969,2H5CA,0.2552706,0.2552706
970,3O8MA,0.2074248,0.2074248
971,4EHCA,0.25052315,0.25052315
972,3HROA,0.49930146,0.49930146
973,3G27A,0.30596912,0.30596912
974,3L00A,0.28045192,0.28045192
