Sequence,Classification,Probabilities,Predictions
SVDYEV,1,"[0.4900234341621399, -0.38728633522987366]",0
IGVVGW,1,"[-0.8817203640937805, 0.8629584908485413]",1
NFSIRY,1,"[0.548924446105957, -0.3724652826786041]",0
VNFSEF,1,"[-0.4316757917404175, 0.43256324529647827]",1
SEFSKK,1,"[1.1559083461761475, -0.9910532236099243]",0
AFFLFC,1,"[-0.4681543707847595, 0.4210647940635681]",1
LSSYWE,0,"[0.673156201839447, -0.5897714495658875]",0
NLYEKT,1,"[1.1907727718353271, -0.968007504940033]",0
VYVDVL,1,"[-0.9623712301254272, 0.8840653300285339]",1
LNLKLL,1,"[-0.1489134281873703, 0.3120100498199463]",1
LLDNWD,1,"[1.3545557260513306, -1.129666805267334]",0
MDVFMK,1,"[0.3062385022640228, -0.20732904970645905]",0
IQVYSR,1,"[-0.6796843409538269, 0.5686612129211426]",1
LCSTFC,1,"[-0.12168532609939575, 0.19320319592952728]",1
LNFLKK,0,"[0.8789511322975159, -0.7339674830436707]",0
KTVYQH,0,"[0.5980691313743591, -0.44626426696777344]",0
TKVIPY,1,"[1.1729350090026855, -0.9736033082008362]",0
MVVEHP,1,"[0.4751212000846863, -0.3586313724517822]",0
AYVILK,1,"[-1.0564241409301758, 0.9455494284629822]",1
GWFLGW,1,"[-0.295231431722641, 0.40928736329078674]",1
YDLHYW,1,"[0.4375990033149719, -0.16730338335037231]",0
IFTVQL,1,"[-0.9403018951416016, 0.8415907025337219]",1
FLGYFK,1,"[0.4411395788192749, -0.39695650339126587]",0
MSVSLV,1,"[-0.8062062859535217, 0.7742412090301514]",1
EDCFIL,1,"[-0.1611141413450241, 0.23236994445323944]",1
KIFVWK,0,"[-0.6372522711753845, 0.5127329230308533]",1
DFITKM,0,"[0.9130380153656006, -0.728360652923584]",0
YIILYN,1,"[-0.9215859174728394, 0.8743764162063599]",1
IIYNWQ,1,"[-0.7773118019104004, 0.6423519253730774]",1
MIIYKG,1,"[-0.9744327664375305, 0.812259316444397]",1
NDAFVL,1,"[0.6941131949424744, -0.567834198474884]",0
AAYLWV,1,"[-1.0189058780670166, 0.8699936270713806]",1
FVIEEV,1,"[-0.8855593204498291, 0.8277315497398376]",1
QVFVWV,1,"[-0.9530803561210632, 0.8638566136360168]",1
GIVAGA,0,"[-0.4612850844860077, 0.4235208034515381]",1
DCFEYV,1,"[-0.561557948589325, 0.5380884408950806]",1
FEYVQL,1,"[-0.8635953664779663, 0.7738165259361267]",1
ILLLFE,1,"[-0.9818025231361389, 0.8508890867233276]",1
DLVVFE,1,"[-0.8720254898071289, 0.8402900695800781]",1
AEIEIE,1,"[0.8585352301597595, -0.7579303979873657]",0
ASLTIL,1,"[-0.8457050919532776, 0.7870966792106628]",1
YQLVLQ,1,"[-1.0719809532165527, 0.9378060698509216]",1
STVISY,1,"[-0.5029091238975525, 0.4985896646976471]",1
VNIELL,1,"[-0.977838933467865, 0.9150767922401428]",1
IQIHHY,1,"[-0.9467352032661438, 0.8790615200996399]",1
QIIEIE,1,"[-0.8001805543899536, 0.6827818751335144]",1
GVIHYI,1,"[-0.8976622223854065, 0.8127299547195435]",1
LNSVFK,1,"[0.6704520583152771, -0.5866459012031555]",0
LYHGQT,1,"[0.6547680497169495, -0.5014374852180481]",0
TLFTMD,1,"[0.6568084955215454, -0.5334838628768921]",0
VYTVFA,1,"[-0.9844552874565125, 0.8908254504203796]",1
HYYAVA,1,"[-0.43177637457847595, 0.4499461054801941]",1
GDVAFI,1,"[-0.6006237864494324, 0.5548861622810364]",1
LLFKDS,1,"[1.0486259460449219, -0.8978795409202576]",0
YFTAIQ,1,"[-0.2150266021490097, 0.21807880699634552]",1
GWNIPM,1,"[1.2052465677261353, -0.967233419418335]",0
MDKVER,1,"[1.3404643535614014, -1.1394593715667725]",0
YVAGIT,1,"[0.6533746123313904, -0.4597495198249817]",0
CEFLRK,1,"[0.8388300538063049, -0.704240620136261]",0
LQVDLG,1,"[-0.5877158045768738, 0.5794185996055603]",1
FDKFKH,0,"[1.093327522277832, -0.923501193523407]",0
MFSEFD,1,"[0.883621871471405, -0.7325888276100159]",0
LIVSIL,1,"[-0.9912377595901489, 0.8681051135063171]",1
LYHLVT,1,"[-0.7842506766319275, 0.7159401178359985]",1
MELIVS,1,"[-1.0627676248550415, 0.9610384106636047]",1
LHCLRR,1,"[0.48668110370635986, -0.3297538757324219]",0
QVYYRP,1,"[1.0022168159484863, -0.820639431476593]",0
GYLTIR,1,"[-0.7061187028884888, 0.6657649874687195]",1
KLFNRD,0,"[1.2945775985717773, -1.1068609952926636]",0
FHVKYR,0,"[0.41391175985336304, -0.3478855788707733]",0
MLHKEF,1,"[0.9662588834762573, -0.8107784390449524]",0
FYAVRL,1,"[-0.6475360989570618, 0.6480169296264648]",1
SQFIKL,1,"[-0.503986656665802, 0.5186834931373596]",1
FSFTIA,1,"[-0.8295624852180481, 0.7778312563896179]",1
YFHARG,1,"[1.028017282485962, -0.8958395719528198]",0
LIFMGH,1,"[-0.9611769318580627, 0.8889470100402832]",1
MYVSEM,1,"[-0.04976697266101837, 0.1561598777770996]",1
VVVNKM,1,"[-0.7985935211181641, 0.7140858769416809]",1
SNFLRA,1,"[0.6714663505554199, -0.5845140814781189]",0
IGYNIK,1,"[0.7136887311935425, -0.5482640862464905]",0
TDVVFM,1,"[-0.999563992023468, 0.918690025806427]",1
VDMAMC,1,"[0.5189724564552307, -0.3943723440170288]",0
VHIVKL,1,"[-1.1064832210540771, 1.014110803604126]",1
INFEFS,1,"[-0.04717481881380081, 0.13612277805805206]",1
GYTLFS,1,"[-0.6378588676452637, 0.6381964087486267]",1
FKVAIV,1,"[-1.0564770698547363, 0.9085738658905029]",1
TIFLDF,1,"[-0.7237743735313416, 0.6904394626617432]",1
LSIWES,1,"[0.3216977119445801, -0.23192887008190155]",0
HLVNKY,0,"[0.3381202816963196, -0.25643086433410645]",0
INAWLF,1,"[-0.2865327298641205, 0.27938032150268555]",1
LVMELD,1,"[-0.14678244292736053, 0.20908807218074799]",1
IGINIK,1,"[0.6350114345550537, -0.5298259854316711]",0
EVYKWT,1,"[0.6097580194473267, -0.46510738134384155]",0
SYVLQT,1,"[-0.6110254526138306, 0.6066181063652039]",1
LLVYNK,1,"[-0.7174128890037537, 0.6331670880317688]",1
LHYGEN,0,"[0.6438482403755188, -0.5000431537628174]",0
